id,destination_airport,destination_airport_name,destination_city,destination_state,destination_latitude,destination_longitude,mean_departure_delay,flight_count,flight_count_delay_ratio
1,ABE,Lehigh Valley International Airport,Allentown,PA,40.652359999999994,-75.4404,8.21654501216545,2514,305.9680189517323
2,ABI,Abilene Regional Airport,Abilene,TX,32.41132,-99.6819,7.801727684080626,2528,324.03079194347777
3,ABQ,Albuquerque International Sunport,Albuquerque,NM,35.04022,-106.60918999999998,9.975922722029988,21003,2105.3691558394635
4,ABR,Aberdeen Regional Airport,Aberdeen,SD,45.449059999999996,-98.42183,3.3845108695652173,742,219.2340425531915
5,ABY,Southwest Georgia Regional Airport,Albany,GA,31.53552,-84.19447,9.728033472803347,963,98.99225806451614
6,ACK,Nantucket Memorial Airport,Nantucket,MA,41.25305,-70.06018,8.303088803088803,520,62.62729597767961
7,ACT,Waco Regional Airport,Waco,TX,31.611290000000004,-97.23052,12.144213649851633,1759,144.84264281874601
8,ACV,Arcata Airport,Arcata/Eureka,CA,40.978120000000004,-124.10862,11.157631954350927,1441,129.14926804321422
9,ACY,Atlantic City International Airport,Atlantic City,NJ,39.45758,-74.57717,12.250925436277102,3819,311.73155202555415
10,ADK,Adak Airport,Adak,AK,51.877959999999995,-176.64603,-1.1326530612244898,105,-92.7027027027027
11,ADQ,Kodiak Airport,Kodiak,AK,57.74997,-152.49386,-1.7589098532494758,491,-279.150178784267
12,AEX,Alexandria International Airport,Alexandria,LA,31.327370000000002,-92.54856,8.16228332337119,3428,419.98052066932735
13,AGS,Augusta Regional Airport (Bush Field),Augusta,GA,33.36996,-81.9645,8.46635550369506,2585,305.3261818348877
14,AKN,King Salmon Airport,King Salmon,AK,58.6768,-156.64921999999999,0.23809523809523808,63,264.6
15,ALB,Albany International Airport,Albany,NY,42.74812,-73.80298,11.095744680851064,8193,738.3911792905081
16,ALO,Waterloo Regional Airport,Waterloo,IA,42.55708,-92.40034,10.864906832298137,674,62.03458625125053
17,AMA,Rick Husband Amarillo International Airport,Amarillo,TX,35.21937,-101.70593000000001,8.036607548885858,4522,562.6752298769273
18,ANC,Ted Stevens Anchorage International Airport,Anchorage,AK,61.174319999999994,-149.99618999999996,5.41824783321621,17233,3180.548496573788
19,APN,Alpena County Regional Airport,Alpena,MI,45.078070000000004,-83.56029000000002,5.72158154859967,626,109.41030809098763
20,ASE,Aspen-Pitkin County Airport,Aspen,CO,39.22316,-106.86885,16.573508421353125,3620,218.4208622560587
21,ATL,Hartsfield-Jackson Atlanta International Airport,Atlanta,GA,33.640440000000005,-84.42694,7.952531443868446,379199,47682.80423365942
22,ATW,Appleton International Airport,Appleton,WI,44.25741,-88.51948,5.684488448844885,3109,546.9269623780771
23,AUS,Austin-Bergstrom International Airport,Austin,TX,30.19453,-97.66986999999999,11.582904420607052,42078,3632.7676092310116
24,AVL,Asheville Regional Airport,Asheville,NC,35.43619,-82.54181,9.752511721366377,3030,310.6891933656124
25,AVP,Wilkes-Barre/Scranton International Airport,Wilkes-Barre/Scranton,PA,41.33815,-75.72426999999998,9.629322268326417,1472,152.86641769606436
26,AZO,Kalamazoo/Battle Creek International Airport,Kalamazoo,MI,42.23488,-85.55206,7.4898720682302775,1967,262.62130809195077
27,BDL,Bradley International Airport,Windsor Locks,CT,41.93887,-72.68323000000002,11.7811399374969,20512,1741.0878835854078
28,BET,Bethel Airport,Bethel,AK,60.77978,-161.838,1.5859938208032955,980,617.9090909090909
29,BFL,Meadows Field,Bakersfield,CA,35.4336,-119.05677,7.382183908045977,2819,381.8653172440639
30,BGM,Greater Binghamton Airport,Binghamton,NY,42.20848,-75.97961,6.666666666666667,325,48.75
31,BGR,Bangor International Airport,Bangor,ME,44.80744,-68.82814,6.907455012853471,394,57.03982136211388
32,BHM,Birmingham-Shuttlesworth International Airport,Birmingham,AL,33.562940000000005,-86.75355,9.388995995847546,13660,1454.894645395672
33,BIL,Billings Logan International Airport,Billings,MT,45.80766,-108.54286,5.788043478260869,3133,541.2882629107982
34,BIS,Bismarck Municipal Airport,Bismarck,ND,46.77411,-100.74672,6.9661333333333335,3795,544.7785476400107
35,BJI,Bemidji Regional Airport,Bemidji,MN,47.50942,-94.93372,3.326474622770919,729,219.15092783505156
36,BLI,Bellingham International Airport,Bellingham,WA,48.79275,-122.53753,-0.4542897327707454,712,-1567.2817337461302
37,BMI,Central Illinois Regional Airport at Bloomington-Normal,Bloomington,IL,40.47799000000001,-88.91595,10.903505727178063,2969,272.29774297265465
38,BNA,Nashville International Airport,Nashville,TN,36.12448,-86.67818,9.45379518544656,51990,5499.378713009869
39,BOI,Boise Airport (Boise Air Terminal),Boise,ID,43.56444000000001,-116.22278,9.643345111896348,12819,1329.310509087356
40,BOS,Gen. Edward Lawrence Logan International Airport,Boston,MA,42.36435,-71.00518000000002,10.7629493471136,117981,10961.772298188884
41,BPT,Jack Brooks Regional Airport (Southeast Texas Regional),Beaumont/Port Arthur,TX,29.95083,-94.02069,11.660731948565777,1060,90.90338451098481
42,BQK,Brunswick Golden Isles Airport,Brunswick,GA,31.25903,-81.46631,8.719791666666667,964,110.55309998805399
43,BQN,Rafael Hernández Airport,Aguadilla,PR,18.49486,-67.12944,16.986013986013987,1441,84.83449979415397
44,BRD,Brainerd Lakes Regional Airport,Brainerd,MN,46.397859999999994,-94.13723,3.3385579937304075,643,192.5981220657277
45,BRO,Brownsville/South Padre Island International Airport,Brownsville,TX,25.90683,-97.42586,6.655130784708249,2567,385.7174386261942
46,BRW,Wiley Post-Will Rogers Memorial Airport,Barrow,AK,71.28545,-156.766,2.75027027027027,936,340.3301886792453
47,BTM,Bert Mooney Airport,Butte,MT,45.9548,-112.49746,-2.110181311018131,730,-345.941837409121
48,BTR,Baton Rouge Metropolitan Airport,Baton Rouge,LA,30.53316,-91.14963,9.977465155659763,7827,784.4677859446192
49,BTV,Burlington International Airport,Burlington,VT,44.473,-73.15031,12.373427431727524,3325,268.7210167389957
50,BUF,Buffalo Niagara International Airport,Buffalo,NY,42.94052,-78.73217,10.539654506319334,18416,1747.3058522893887
51,BUR,Bob Hope Airport (Hollywood Burbank Airport),Burbank,CA,34.20062,-118.3585,7.452513143025598,20657,2771.816648096993
52,BWI,Baltimore-Washington International Airport,Baltimore,MD,39.1754,-76.6682,9.684761359586119,94044,9710.512888055198
53,BZN,Bozeman Yellowstone International Airport (Gallatin Field Airport),Bozeman,MT,45.7769,-111.15301000000001,7.5876499106915025,3940,519.2648641377456
54,CAE,Columbia Metropolitan Airport,Columbia,SC,33.93884,-81.11954,10.967147289651397,5582,508.97465426284344
55,CAK,Akron-Canton Regional Airport,Akron,OH,40.916309999999996,-81.44247,10.846201263676992,6588,607.4015998635996
56,CDC,Cedar City Regional Airport,Cedar City,UT,37.70097,-113.09858,-1.3072,626,-478.88616891064873
57,CDV,Merle K. (Mudhole) Smith Airport,Cordova,AK,60.49183000000001,-145.47765,0.21914008321775313,724,3303.8227848101264
58,CEC,Del Norte County Airport (Jack McNamara Field),Crescent City,CA,41.780159999999995,-124.23653,11.695652173913043,190,16.2453531598513
59,CHA,Chattanooga Metropolitan Airport (Lovell Field),Chattanooga,TN,35.035270000000004,-85.20379,8.936417452313089,4620,516.9856964106087
60,CHO,Charlottesville-Albemarle Airport,Charlottesville,VA,38.13864,-78.45286,13.772457627118644,2441,177.23779343445221
61,CHS,Charleston International Airport/Charleston AFB,Charleston,SC,32.89865,-80.04051,8.11451512316807,13026,1605.2715168166926
62,CID,The Eastern Iowa Airport,Cedar Rapids,IA,41.88459,-91.71087,10.773713490959667,7366,683.701121825904
63,CIU,Chippewa County International Airport,Sault Ste. Marie,MI,46.25075,-84.47239,7.622926093514328,671,88.0239414325287
64,CLD,McClellan-Palomar Airport,San Diego,CA,33.12723,-117.27873000000001,5.359872611464968,640,119.40582293523471
65,CLE,Cleveland Hopkins International Airport,Cleveland,OH,41.41089,-81.8494,10.215303785531455,37801,3700.4283762505247
66,CLL,Easterwood Airport,College Station,TX,30.588590000000003,-96.36381999999999,4.657224958949097,2531,543.4566769501982
67,CLT,Charlotte Douglas International Airport,Charlotte,NC,35.21400999999999,-80.94313000000002,5.00847793433287,109810,21924.82455543187
68,CMH,Port Columbus International Airport,Columbus,OH,39.99799,-82.89188,10.001312639950584,26371,2636.7538891505246
69,CMI,University of Illinois - Willard Airport,Champaign/Urbana,IL,40.03925,-88.27806,9.99055330634278,2321,232.31946508172362
70,CMX,Houghton County Memorial Airport,Hancock,MI,47.16842000000001,-88.48906,7.1869565217391305,729,101.43375680580762
71,CNY,Canyonlands Field,Moab,UT,38.75496,-109.75483999999999,-2.9563106796116503,206,-69.68144499178982
72,COD,Yellowstone Regional Airport,Cody,WY,44.52019,-109.0238,4.853197674418604,696,143.41060197663973
73,COS,City of Colorado Springs Municipal Airport,Colorado Springs,CO,38.80581,-104.70025,11.960324983073798,7489,626.1535544057875
74,COU,Columbia Regional Airport,Columbia,MO,38.81809000000001,-92.21963000000001,15.622382671480144,1431,91.59934371678143
75,CPR,Natrona County International Airport,Casper,WY,42.908359999999995,-106.46446999999999,2.1813855103120043,1911,876.0487272727272
76,CRP,Corpus Christi International Airport,Corpus Christi,TX,27.770359999999997,-97.50121999999999,9.448815815228029,5247,555.307681153416
77,CRW,Yeager Airport,Charleston,WV,38.37315,-81.59319,9.348064137661321,2610,279.2021921934485
78,CSG,Columbus Metropolitan Airport,Columbus,GA,32.516329999999996,-84.93885999999998,8.791489361702128,1179,134.10696999031944
79,CVG,Cincinnati/Northern Kentucky International Airport,Covington,KY,39.04614,-84.66216999999997,8.861567753320331,21944,2476.311259006943
80,CWA,Central Wisconsin Airport,Mosinee,WI,44.77762,-89.66678,10.343915343915343,1564,151.20000000000002
81,DAB,Daytona Beach International Airport,Daytona Beach,FL,29.17992000000001,-81.05806,7.077066500932256,1613,227.91929393167646
82,DAL,Dallas Love Field,Dallas,TX,32.84711,-96.85177,9.275643816869868,65206,7029.808527296839
83,DAY,James M. Cox Dayton International Airport,Dayton,OH,39.90238,-84.21938,9.335481052746532,9425,1009.5891092004446
84,DBQ,Dubuque Regional Airport,Dubuque,IA,42.40296,-90.70917,8.334368530020704,1015,121.78487144454105
85,DCA,Ronald Reagan Washington National Airport,Arlington,VA,38.85208,-77.03772,8.0706175539422,80586,9985.109498917676
86,DEN,Denver International Airport,Denver,CO,39.85841,-104.667,10.199481106217274,213861,20967.83138013141
87,DFW,Dallas/Fort Worth International Airport,Dallas-Fort Worth,TX,32.89595,-97.0372,9.714286842520929,260181,26783.33512462775
88,DHN,Dothan Regional Airport,Dothan,AL,31.32134000000001,-85.44963,7.02494497432135,1378,196.15812010443864
89,DIK,Dickinson Theodore Roosevelt Regional Airport,Dickinson,ND,46.79739,-102.80195,2.618274111675127,998,381.16711903838694
90,DLG,Dillingham Airport,Dillingham,AK,59.04541,-158.50333999999995,-5.532467532467533,77,-13.917840375586854
91,DLH,Duluth International Airport,Duluth,MN,46.84209,-92.19365,7.204016913319239,1944,269.8494497432135
92,DRO,Durango-La Plata County Airport,Durango,CO,37.15152,-107.75376999999999,5.396294622684139,2246,416.211522358064
93,DSM,Des Moines International Airport,Des Moines,IA,41.534929999999996,-93.66068,11.280830418594155,9098,806.5009101638295
94,DTW,Detroit Metropolitan Airport,Detroit,MI,42.21206,-83.34884,8.353432432663459,118278,14159.209516977864
95,DVL,Devils Lake Regional Airport,Devils Lake,ND,48.11425,-98.90878000000001,-0.4146341463414634,574,-1384.3529411764707
96,EAU,Chippewa Valley Regional Airport,Eau Claire,WI,44.86526,-91.48507,8.261055634807418,730,88.36643066827837
97,ECP,Northwest Florida Beaches International Airport,Panama City,FL,30.35531,-85.79911,7.670860927152318,4548,592.8930328930329
98,EGE,Eagle County Regional Airport,Eagle,CO,39.64257,-106.9177,16.831829368334702,1246,74.02641583000292
99,EKO,Elko Regional Airport,Elko,NV,40.82493,-115.7917,-1.5190972222222223,584,-384.4388571428571
100,ELM,Elmira/Corning Regional Airport,Elmira,NY,42.159909999999996,-76.89144,7.689623923878568,2247,292.211949796712
101,ELP,El Paso International Airport,El Paso,TX,31.80667,-106.37781000000001,10.710825545171339,12942,1208.3102227199024
102,ERI,Erie International Airport,Erie,PA,42.08202,-80.17622,7.839793281653747,803,102.42617007251154
103,ESC,Delta County Airport,Escanaba,MI,45.72267,-87.09373000000002,5.241435562805873,626,119.43292872704637
104,EUG,Eugene Airport (Mahlon Sweet Field),Eugene,OR,44.123259999999995,-123.21869,8.596414852752881,3959,460.5408263576514
105,EVV,Evansville Regional Airport,Evansville,IN,38.03799,-87.53063,7.933850254422098,4232,533.4106221177045
106,EWN,Coastal Carolina Regional Airport (Craven County Regional),New Bern,NC,35.07297,-77.04294,8.611821086261982,630,73.15525876460768
107,EWR,Newark Liberty International Airport,Newark,NJ,40.6925,-74.16866,13.783870101737593,111374,8080.023910408167
108,EYW,Key West International Airport,Key West,FL,24.55611,-81.75956,8.829928741092637,2124,240.54554258352613
109,FAI,Fairbanks International Airport,Fairbanks,AK,64.81368,-147.85967,5.066552901023891,2360,465.7999326372516
110,FAR,Hector International Airport,Fargo,ND,46.91935,-96.81499000000001,8.993307215148548,6219,691.5142395585646
111,FAT,Fresno Yosemite International Airport,Fresno,CA,36.77619,-119.71813999999999,8.91330618678576,7674,860.9599893894514
112,FAY,Fayetteville Regional Airport,Fayetteville,NC,34.99147,-78.88,7.711462450592886,1784,231.34392619169657
113,FCA,Glacier Park International Airport,Kalispell,MT,48.3114,-114.25506999999999,4.372889305816135,2147,490.9797275555079
114,FLG,Flagstaff Pulliam Airport,Flagstaff,AZ,35.13845,-111.67121999999999,4.999437570303712,1818,363.6409044886939
115,FLL,Fort Lauderdale-Hollywood International Airport,Ft. Lauderdale,FL,26.07258,-80.15275,11.242064502980588,79357,7058.934769406475
116,FNT,Bishop International Airport,Flint,MI,42.9655,-83.74346,9.446074544012689,5158,546.0469294379382
117,FSD,Sioux Falls Regional Airport,Sioux Falls,SD,43.58135,-96.7417,10.110265486725664,5773,571.00379882009
118,FSM,Fort Smith Regional Airport,Fort Smith,AR,35.33659,-94.36744,11.25920612147298,2150,190.95484857494796
119,FWA,Fort Wayne International Airport,Fort Wayne,IN,40.97847,-85.19515,8.329719161038037,5773,693.0605808420289
120,GCC,Gillette-Campbell County Airport,Gillette,WY,44.3489,-105.53936000000002,2.3550185873605947,1083,459.86898184688243
121,GCK,Garden City Regional Airport,Garden City,KS,37.92752,-100.72440999999999,7.718571428571429,724,93.79974088469369
122,GEG,Spokane International Airport,Spokane,WA,47.619859999999996,-117.53383999999998,7.821969696969697,10333,1321.0227602905568
123,GFK,Grand Forks International Airport,Grand Forks,ND,47.949259999999995,-97.17611,4.029813664596273,807,200.25739827373613
124,GGG,East Texas Regional Airport,Longview,TX,32.384859999999996,-94.71171,5.030882352941177,703,139.73691902952353
125,GJT,Grand Junction Regional Airport (Walker Field),Grand Junction,CO,39.122409999999995,-108.52673,4.4309489051094895,3450,778.6142593568792
126,GNV,Gainesville Regional Airport,Gainesville,FL,29.69006,-82.27178,9.073804573804575,2916,321.36464658036425
127,GPT,Gulfport-Biloxi International Airport,Gulfport-Biloxi,MS,30.40728,-89.07009000000002,7.125879593432369,3907,548.283190695633
128,GRB,Green Bay-Austin Straubel International Airport,Green Bay,WI,44.48507,-88.12959000000002,7.81866870696251,5371,686.9455915451609
129,GRI,Central Nebraska Regional Airport,Grand Island,NE,40.96747,-98.30861,8.044776119402986,691,85.89424860853431
130,GRK,Killeen-Fort Hood Regional Airport,Killeen,TX,31.0649,-97.8278,8.64974141984015,4403,509.0325578867268
131,GRR,Gerald R. Ford International Airport,Grand Rapids,MI,42.88082,-85.52277,10.024398714943128,11767,1173.835991026496
132,GSO,Piedmont Triad International Airport,Greensboro,NC,36.09775,-79.9373,10.363520947947524,7329,707.1920862428029
133,GSP,Greenville-Spartanburg International Airport,Greer,SC,34.89567,-82.21885999999998,8.036779324055667,7172,892.3972789115645
134,GST,Gustavus Airport,Gustavus,AK,58.424380000000006,-135.70738,4.5064935064935066,77,17.086455331412104
135,GTF,Great Falls International Airport,Great Falls,MT,47.482,-111.37069,3.3939252336448598,2156,635.2526504199367
136,GTR,Golden Triangle Regional Airport,Columbus-Starkville-West Point,MS,33.45033,-88.59137,6.877245508982036,1015,147.5881584675664
137,GUC,Gunnison-Crested Butte Regional Airport,Gunnison,CO,38.53396,-106.93318000000001,12.664556962025317,495,39.08545727136431
138,GUM,Guam International Airport,Agana,GU,13.48345,-144.79598000000001,21.382271468144044,365,17.07021634926804
139,HDN,Yampa Valley Airport (Yampa Valley Regional),Hayden,CO,40.48118,-107.21766000000001,12.396358543417367,723,58.323579256581176
140,HIB,Range Regional Airport (Chisholm-Hibbing Airport),Hibbing,MN,47.3866,-92.83899,2.306900102986612,981,425.24598214285714
141,HLN,Helena Regional Airport,Helena,MT,46.60682,-111.98275,2.7178343949044588,1575,579.5055073822357
142,HNL,Honolulu International Airport,Honolulu,HI,21.31869,-157.92241,4.843263002629385,46937,9691.193720951787
143,HOB,Lea County Regional Airport,Hobbs,NM,32.687529999999995,-103.21703000000001,3.1983193277310926,624,195.1024697845507
144,HOU,William P. Hobby Airport,Houston,TX,29.64542,-95.27889,10.059911216124297,56640,5630.268377440139
145,HPN,Westchester County Airport,White Plains,NY,41.066959999999995,-73.70756999999998,12.706609485368315,8179,643.6807560205682
146,HRL,Valley International Airport,Harlingen,TX,26.228509999999996,-97.65439,6.573810245528948,3344,508.68520311707476
147,HSV,Huntsville International Airport,Huntsville,AL,34.64045,-86.77311,7.795543635238292,4912,630.1035860791319
148,HYA,Barnstable Municipal Airport,Hyannis,MA,41.66934000000001,-70.28036,4.439024390243903,83,18.697802197802197
149,HYS,Hays Regional Airport,Hays,KS,38.84494,-99.27403000000001,3.633711507293355,626,172.2756467439786
150,IAD,Washington Dulles International Airport,Chantilly,VA,38.94453,-77.45581,11.501210390316878,37281,3241.4849163517342
151,IAG,Niagara Falls International Airport,Niagara Falls,NY,43.10726,-78.94538,9.910979228486648,344,34.708982035928145
152,IAH,George Bush Intercontinental Airport,Houston,TX,29.98047,-95.33972,9.214249376812331,159670,17328.59546886258
153,ICT,Wichita Dwight D. Eisenhower National Airport (Wichita Mid-Continent Airport),Wichita,KS,37.64996,-97.43305,9.559698899826289,8795,920.0080559189804
154,IDA,Idaho Falls Regional Airport,Idaho Falls,ID,43.514559999999996,-112.07016999999999,3.659408381265407,2448,668.9605927921859
155,ILG,Wilmington Airport,Wilmington,DE,39.67872,-75.60653,20.673684210526314,98,4.7403258655804485
156,ILM,Wilmington International Airport,Wilmington,NC,34.27061,-77.90256,6.772571986334797,2076,306.53051812351373
157,IMT,Ford Airport,Iron Mountain/Kingsford,MI,45.81835,-88.11454,-1.9210134128166916,678,-352.93871217998446
158,IND,Indianapolis International Airport,Indianapolis,IN,39.71733,-86.29438,9.79780746333672,27935,2851.14808639917
159,INL,Falls International Airport,International Falls,MN,48.56619,-93.40307,2.104669887278583,627,297.9089517980107
160,ISN,Sloulin Field International Airport,Williston,ND,48.17794,-103.64235,4.90215407082877,2762,563.425783868325
161,ISP,Long Island MacArthur Airport,Islip,NY,40.79524,-73.10021,13.87823275862069,4758,342.8390402981598
162,ITH,Ithaca Tompkins Regional Airport,Ithaca,NY,42.49103,-76.45844,10.09375,35,3.4674922600619196
163,ITO,Hilo International Airport,Hilo,HI,19.72026,-155.04847,-0.045666505869110786,6227,-136358.1443661972
164,JAC,Jackson Hole Airport,Jackson,WY,43.60732,-110.73773999999999,12.618903279140259,3667,290.59577673931085
165,JAN,Jackson-Evers International Airport,Jackson,MS,32.311170000000004,-90.07589,7.958503490976156,7752,974.052472150034
166,JAX,Jacksonville International Airport,Jacksonville,FL,30.494059999999998,-81.68786,9.19490354602671,19750,2147.929002315021
167,JFK,John F. Kennedy International Airport (New York International Airport),New York,NY,40.63975,-73.77893,13.827110982208042,101944,7372.762114311216
168,JLN,Joplin Regional Airport,Joplin,MO,37.15181,-94.49826999999999,12.614285714285714,724,57.395243488108726
169,JMS,Jamestown Regional Airport,Jamestown,ND,46.92972,-98.6782,6.727485380116959,889,132.14447148817803
170,JNU,Juneau International Airport,Juneau,AK,58.35496,-134.57628,2.315466727231433,4432,1914.0849435998039
171,KOA,Kona International Airport at Keahole,Kailua/Kona,HI,19.738770000000002,-156.04563000000005,1.9097763048881524,12080,6325.348141078478
172,KTN,Ketchikan International Airport,Ketchikan,AK,55.35556999999999,-131.71374,4.347233360064154,2506,576.4585869765726
173,LAN,Capital Region International Airport ( Lansing Capital City),Lansing,MI,42.7787,-84.58736,6.931479642502483,2072,298.92607449856735
174,LAR,Laramie Regional Airport,Laramie,WY,41.31205,-105.67499,4.420454545454546,635,143.6503856041131
175,LAS,McCarran International Airport,Las Vegas,NV,36.08036,-115.15233,9.433845092289115,145777,15452.55392407841
176,LAW,Lawton-Fort Sill Regional Airport,Lawton,OK,34.56771,-98.41664,9.39327485380117,1454,154.79159533073928
177,LAX,Los Angeles International Airport,Los Angeles,CA,33.94254,-118.40807,10.439182818229439,212210,20328.219525902732
178,LBB,Lubbock Preston Smith International Airport,Lubbock,TX,33.66364,-101.82278000000001,9.410046967531141,5045,536.1290987608776
179,LBE,Arnold Palmer Regional Airport,Latrobe,PA,40.27594000000001,-79.4048,14.027818448023426,1397,99.5878300803674
180,LCH,Lake Charles Regional Airport,Lake Charles,LA,30.1261,-93.2234,5.112830753869196,2057,402.32116004296455
181,LEX,Blue Grass Airport,Lexington,KY,38.036970000000004,-84.60539,7.456728520193357,6568,880.8152237557508
182,LFT,Lafayette Regional Airport,Lafayette,LA,30.20528,-91.98765999999999,7.007500914745701,5579,796.1468814453176
183,LGA,LaGuardia Airport (Marine Air Terminal),New York,NY,40.77724,-73.87261,13.918817126619468,108151,7770.128669422872
184,LGB,Long Beach Airport (Daugherty Field),Long Beach,CA,33.81772,-118.15161,7.141770547221635,9522,1333.282823501568
185,LIH,Lihue Airport,Lihue,HI,21.97598,-159.33896000000001,1.7507010164738872,11427,6527.099654637369
186,LIT,Bill and Hillary Clinton National Airport (Adams Field),Little Rock,AR,34.7294,-92.22425,10.223467663019305,11467,1121.6350829258106
187,LNK,Lincoln Airport (Lincoln Municipal),Lincoln,NE,40.850970000000004,-96.75925,8.082635983263598,2925,361.88689012553385
188,LRD,Laredo International Airport,Laredo,TX,27.543740000000003,-99.46154,5.2414529914529915,2405,458.84223399918466
189,LSE,La Crosse Regional Airport,La Crosse,WI,43.87938,-91.25654,6.758836944127708,1812,268.0934626739772
190,LWS,Lewiston-Nez Perce County Airport,Lewiston,ID,46.3745,-117.01539,-2.49375,640,-256.64160401002505
191,MAF,Midland International Airport,Midland,TX,31.942529999999998,-102.20191,8.695294712876297,8123,934.1834024292675
192,MBS,MBS International Airport,Saginaw,MI,43.53291,-84.07965,8.434806629834254,1862,220.75194864740945
193,MCI,Kansas City International Airport,Kansas City,MO,39.29761,-94.71391,9.934184064355488,42212,4249.16628547879
194,MCO,Orlando International Airport,Orlando,FL,28.42889000000001,-81.31603,10.385662256390415,119962,11550.731868464722
195,MDT,Harrisburg International Airport,Harrisburg,PA,40.1935,-76.7634,10.118014184397163,3571,352.93486794145684
196,MDW,Chicago Midway International Airport,Chicago,IL,41.78598,-87.75242,9.792716310336463,88410,9028.138587725754
197,MEI,Meridian Regional Airport,Meridian,MS,32.33313,-88.75121,10.792857142857143,992,91.91264063534084
198,MEM,Memphis International Airport,Memphis,TN,35.04242,-89.97667,9.184593295461639,16287,1773.2957220923279
199,MFE,McAllen-Miller International Airport (McAllen Miller International),McAllen,TX,26.175829999999998,-98.23861,10.053993250843645,3646,362.64197807115687
200,MFR,Rogue Valley International Airport,Medford,OR,42.37423,-122.8735,8.421111525550169,2714,322.2852460468618
201,MGM,Montgomery Regional Airport,Montgomery,AL,32.30064,-86.39398,9.489807804309843,3480,366.7092181170983
202,MHK,Manhattan Regional Airport,Manhattan,KS,39.14097,-96.67083000000001,9.102668213457077,1785,196.09634869049893
203,MHT,Manchester-Boston Regional Airport,Manchester,NH,42.93452,-71.43706,11.468005952380953,6871,599.1451372218257
204,MIA,Miami International Airport,Miami,FL,25.79325,-80.29056,9.635825503355704,75257,7810.124827788914
205,MKE,General Mitchell International Airport,Milwaukee,WI,42.94722,-87.89658,9.112005008608547,32477,3564.199094416369
206,MKG,Muskegon County Airport,Muskegon,MI,43.16949,-86.23822,8.01457725947522,729,90.95925791196798
207,MLB,Melbourne International Airport,Melbourne,FL,28.10275,-80.64581,6.961218836565097,1448,208.00955033824116
208,MLI,Quad City International Airport,Moline,IL,41.44853,-90.50754,9.490240811153358,4085,430.4421859558215
209,MLU,Monroe Regional Airport,Monroe,LA,32.510870000000004,-92.03769,7.99052731291443,3240,405.48012329091915
210,MMH,Mammoth Yosemite Airport,Mammoth Lakes,CA,37.62405,-118.83776999999999,8.82638888888889,156,17.67427222659323
211,MOB,Mobile Regional Airport,Mobile,AL,30.69142,-88.24283,7.575130499627144,5455,720.1196072158098
212,MOT,Minot International Airport,Minot,ND,48.25938,-101.28033,5.63921568627451,2068,366.7176634214186
213,MQT,Sawyer International Airport,Marquette,MI,46.35364000000001,-87.39536,18.273846153846154,331,18.113318740528708
214,MRY,Monterey Regional Airport (Monterey Peninsula Airport),Monterey,CA,36.58698,-121.84295,6.856221792392005,3215,468.917152529622
215,MSN,Dane County Regional Airport,Madison,WI,43.13986,-89.33751,8.044538160872248,9966,1238.8529708857038
216,MSO,Missoula International Airport,Missoula,MT,46.916309999999996,-114.09056000000001,4.217741935483871,2247,532.7495219885277
217,MSP,Minneapolis-Saint Paul International Airport,Minneapolis,MN,44.88055,-93.21692,7.553081882762128,122744,16250.849905404848
218,MSY,Louis Armstrong New Orleans International Airport,New Orleans,LA,29.99339,-90.25803,9.753183805360198,42441,4351.50211940793
219,MTJ,Montrose Regional Airport,Montrose,CO,38.50887,-107.89383000000001,11.961616161616162,1006,84.1023475764229
220,MVY,Martha's Vineyard Airport,Marthas Vineyard,MA,41.393029999999996,-70.61433000000002,9.097222222222221,216,23.743511450381682
221,MYR,Myrtle Beach International Airport,Myrtle Beach,SC,33.67975,-78.92833,9.561557549150601,5337,558.1726588545306
222,OAJ,Albert J. Ellis Airport,Jacksonville,NC,34.829159999999995,-77.61214,10.695230396119644,1248,116.68752834467121
223,OAK,Oakland International Airport,Oakland,CA,37.72129,-122.22072,9.91610473771784,46294,4668.56706584711
224,OGG,Kahului Airport,Kahului,HI,20.89865,-156.43046,2.9495892123593497,22461,7614.958688445178
225,OKC,Will Rogers World Airport,Oklahoma City,OK,35.39309,-97.60073,10.982130623430006,17786,1619.5400154915449
226,OMA,Eppley Airfield,Omaha,NE,41.30252,-95.89416999999999,9.476951239806956,18253,1926.0413542416634
227,OME,Nome Airport,Nome,AK,64.5122,-165.44525,4.786324786324786,725,151.47321428571428
228,ONT,Ontario International Airport,Ontario,CA,34.056,-117.60118999999999,9.559832336553699,19721,2062.9022880028233
229,ORD,Chicago O'Hare International Airport,Chicago,IL,41.9796,-87.90446,10.549839978444735,313292,29696.37460284831
230,ORF,Norfolk International Airport,Norfolk,VA,36.89461,-76.20121999999998,10.48202224870878,10286,981.2991955123042
231,ORH,Worcester Regional Airport,Worcester,MA,42.267340000000004,-71.87571,3.723796033994334,730,196.03651578546976
232,OTH,Southwest Oregon Regional Airport (North Bend Municipal),North Bend,OR,43.41714,-124.24603,18.21967213114754,311,17.06946193989563
233,OTZ,Ralph Wien Memorial Airport,Kotzebue,AK,66.88468,-162.59855,2.062937062937063,725,351.4406779661017
234,PAH,Barkley Regional Airport,Paducah,KY,37.060829999999996,-88.77375,8.041968162083936,728,90.52510347309699
235,PBG,Plattsburgh International Airport,Plattsburgh,NY,44.65191,-73.46571,16.996598639455783,295,17.356413848308986
236,PBI,Palm Beach International Airport,West Palm Beach,FL,26.683159999999997,-80.09559,11.808676446074346,24320,2059.502613274233
237,PDX,Portland International Airport,Portland,OR,45.58872,-122.5975,7.277927884148119,51634,7094.601763293475
238,PHF,Newport News/Williamsburg International Airport,Newport News,VA,37.1319,-76.49299,11.05791788856305,1378,124.61658821189418
239,PHL,Philadelphia International Airport,Philadelphia,PA,39.87195,-75.24114,9.90949326943407,72087,7274.539478456792
240,PHX,Phoenix Sky Harbor International Airport,Phoenix,AZ,33.43417,-112.00806000000001,7.386485292261078,159600,21607.02874034219
241,PIA,General Wayne A. Downing Peoria International Airport,Peoria,IL,40.66424,-89.69331,6.989795918367347,5142,735.643795620438
242,PIB,Hattiesburg-Laurel Regional Airport,Hattiesburg-Laurel,MS,31.46715,-89.33706,4.262135922330097,626,146.87471526195898
243,PIH,Pocatello Regional Airport,Pocatello,ID,42.91131,-112.59586000000002,-2.3314527503526095,711,-304.9600725952813
244,PIT,Pittsburgh International Airport,Pittsburgh,PA,40.49147,-80.23286999999998,9.737678364828383,26251,2695.817115383092
245,PLN,Pellston Regional Airport of Emmet County,Pellston,MI,45.57093,-84.79672,8.92,814,91.25560538116592
246,PNS,Pensacola International Airport (Pensacola Gulf Coast Regional Airport),Pensacola,FL,30.473309999999998,-87.18744000000002,8.408874114756468,7012,833.8809577009677
247,PPG,Pago Pago International Airport (Tafuna Airport),Pago Pago,AS,14.33102,-170.71053,9.224137931034482,116,12.57570093457944
248,PSC,Tri-Cities Airport,Pasco,WA,46.26468,-119.11903000000001,7.169659915934276,2645,368.91568512498
249,PSE,Mercedita Airport,Ponce,PR,18.0083,-66.56300999999999,14.323383084577115,813,56.76033344911428
250,PSG,Petersburg James A. Johnson Airport,Petersburg,AK,56.80165,-132.94528,6.455431754874652,726,112.46343042071197
251,PSP,Palm Springs International Airport,Palm Springs,CA,33.82922,-116.50625,6.887707225523929,9661,1402.6438237965485
252,PUB,Pueblo Memorial Airport,Pueblo,CO,38.28909,-104.49656999999999,2.4921875,264,105.93103448275862
253,PVD,Theodore Francis Green State Airport,Providence,RI,41.724,-71.42822,10.452219145901502,12157,1163.102287686627
254,PWM,Portland International Jetport,Portland,ME,43.64617,-70.30875,11.02635228848821,5159,467.87911949685537
255,RAP,Rapid City Regional Airport,Rapid City,SD,44.045320000000004,-103.05736999999999,7.235124205661467,3505,484.4422708399872
256,RDD,Redding Municipal Airport,Redding,CA,40.50898,-122.2934,8.22568093385214,789,95.91911069063387
257,RDM,Redmond Municipal Airport (Roberts Field),Redmond,OR,44.25407,-121.14996000000001,5.415590008613265,2353,434.48636182902584
258,RDU,Raleigh-Durham International Airport,Raleigh,NC,35.87764,-78.78747,10.120443925233644,34896,3448.0700903833504
259,RHI,Rhinelander-Oneida County Airport,Rhinelander,WI,45.631190000000004,-89.46745,4.1396702230843845,1042,251.71087160262417
260,RIC,Richmond International Airport,Richmond,VA,37.50517,-77.31967,10.70468787659677,16998,1587.9024401227098
261,RKS,Rock Springs-Sweetwater County Airport,Rock Springs,WY,41.59422,-109.06518999999999,3.8618331053351573,747,193.43145589798087
262,RNO,Reno/Tahoe International Airport,Reno,NV,39.49858,-119.76806,9.619813536403102,14154,1471.338290127841
263,ROA,Roanoke Regional Airport (Woodrum Field),Roanoke,VA,37.32547,-79.97543,7.906351791530945,2506,316.9603460706561
264,ROC,Greater Rochester International Airport,Rochester,NY,43.11887,-77.67238,10.616228343512402,8184,770.8952497240942
265,ROW,Roswell International Air Center,Roswell,NM,33.301559999999995,-104.53056,8.034516765285996,1065,132.5530870258991
266,RST,Rochester International Airport,Rochester,MN,43.90883,-92.49799,9.890272014753343,2239,226.38406675368262
267,RSW,Southwest Florida International Airport,Ft. Myers,FL,26.536170000000002,-81.75516999999998,9.38480749219563,29127,3103.6331884507913
268,SAF,Santa Fe Municipal Airport,Santa Fe,NM,35.61678,-106.08814,7.408031088082901,1595,215.30687183073965
269,SAN,San Diego International Airport (Lindbergh Field),San Diego,CA,32.73356,-117.18966,9.069069822735319,76357,8419.496320182701
270,SAT,San Antonio International Airport,San Antonio,TX,29.533690000000004,-98.46978,10.778694650308276,32410,3006.8576067393333
271,SAV,Savannah/Hilton Head International Airport,Savannah,GA,32.12758,-81.20214,8.273167100855973,8200,991.1560953666217
272,SBA,Santa Barbara Municipal Airport (Santa Barbara Airport),Santa Barbara,CA,34.42621,-119.84037,6.025771604938272,6581,1092.142290060696
273,SBN,South Bend International Airport (South Bend Regional),South Bend,IN,41.70895,-86.31846999999998,10.922625288320402,4868,445.68039930888847
274,SBP,San Luis Obispo County Regional Airport (McChesney Field),San Luis Obispo,CA,35.23706,-120.64238999999999,5.620565243535779,3381,601.5409222210335
275,SCC,Deadhorse Airport (Prudhoe Bay Airport),Deadhorse,AK,70.19476,-148.46516,1.6544671689989237,936,565.7410540013012
276,SCE,University Park Airport,State College,PA,40.851209999999995,-77.8463,9.809424083769633,977,99.59809991460291
277,SDF,Louisville International Airport (Standiford Field),Louisville,KY,38.17439,-85.736,9.351316397228638,11043,1180.9032579918598
278,SEA,Seattle-Tacoma International Airport,Seattle,WA,47.44898,-122.30931000000001,5.738309397207176,121261,21131.83371726479
279,SFO,San Francisco International Airport,San Francisco,CA,37.619,-122.37483999999999,13.462473463713389,161964,12030.77580331401
280,SGF,Springfield-Branson National Airport,Springfield,MO,37.24433,-93.38686,10.690281562216168,6766,632.9112999150382
281,SGU,St. George Regional Airport,St George,UT,37.090579999999996,-113.59306000000001,2.635169277412835,1981,751.7543624161074
282,SHV,Shreveport Regional Airport,Shreveport,LA,32.44663,-93.8256,10.381128015982787,6655,641.0671354552184
283,SIT,Sitka Rocky Gutierrez Airport,Sitka,AK,57.04714,-135.3616,1.7241379310344827,1435,832.3000000000001
284,SJC,Norman Y. Mineta San José International Airport,San Jose,CA,37.36186,-121.92901,8.122701916080524,41629,5125.0187967118445
285,SJT,San Angelo Regional Airport (Mathis Field),San Angelo,TX,31.35775,-100.49631,6.388856304985337,1776,277.98402643899755
286,SJU,Luis Muñoz Marín International Airport,San Juan,PR,18.439420000000002,-66.00183,11.139287068638604,26529,2381.5707267917874
287,SLC,Salt Lake City International Airport,Salt Lake City,UT,40.78839,-111.97776999999999,4.978540935395124,105900,21271.292407600784
288,SMF,Sacramento International Airport,Sacramento,CA,38.69542,-121.59076999999999,9.408564729112674,40830,4339.662974700148
289,SMX,Santa Maria Public Airport (Capt G. Allan Hancock Field),Santa Maria,CA,34.89925,-120.45758000000001,5.815642458100559,725,124.66378482228626
290,SNA,John Wayne Airport (Orange County Airport),Santa Ana,CA,33.67566,-117.86822,6.691017637732858,40702,6083.080661821601
291,SPI,Abraham Lincoln Capital Airport,Springfield,IL,39.84395,-89.67761999999998,10.454871488344292,1736,166.046995597736
292,SPS,Wichita Falls Municipal Airport/Sheppard AFB,Wichita Falls,TX,33.9888,-98.49189,7.758487654320987,1355,174.64743908503232
293,SRQ,Sarasota-Bradenton International Airport,Sarasota,FL,27.395329999999998,-82.55411,7.944322545255074,3676,462.72038667357157
294,STC,St. Cloud Regional Airport,St Cloud,MN,45.545320000000004,-94.05834,19.467532467532468,82,4.212141427618412
295,STL,St. Louis International Airport at Lambert Field,St Louis,MO,38.74769000000001,-90.35999,9.259703849950641,51241,5533.7622920060385
296,STT,Cyril E. King Airport,Charlotte Amalie,VI,18.337310000000002,-64.97336,10.96165644171779,4585,418.2761998041136
297,STX,Henry E. Rohlsen Airport,Christiansted,VI,17.70189,-64.79856,8.301492537313433,1007,121.3034879539734
298,SUN,Friedman Memorial Airport,Hailey,ID,43.50484,-114.29659,4.680788177339902,1021,218.12565775626183
299,SUX,Sioux Gateway Airport,Sioux City,IA,42.4026,-96.38436999999999,10.343076923076923,677,65.4544102335267
300,SWF,Stewart International Airport,Newburgh,NY,41.50409000000001,-74.10484,12.063257065948855,752,62.338056454312174
301,SYR,Syracuse Hancock International Airport,Syracuse,NY,43.11119,-76.10631,10.209967320261438,6249,612.0489717532208
302,TLH,Tallahassee International Airport,Tallahassee,FL,30.39653,-84.35033,9.35884749708964,3472,370.98585067014955
303,TOL,Toledo Express Airport,Toledo,OH,41.58681,-83.80783000000002,6.285570131180625,1049,166.8901910419008
304,TPA,Tampa International Airport,Tampa,FL,27.97547,-82.53325,10.311108513995208,69032,6694.915479388396
305,TRI,Tri-Cities Regional Airport,Bristol,TN,36.47521,-82.40742,5.773056494447127,2088,361.6801605888257
306,TTN,Trenton Mercer Airport,Trenton,NJ,40.27669,-74.81347,16.48114135782224,3113,188.88254960100295
307,TUL,Tulsa International Airport,Tulsa,OK,36.198370000000004,-95.88824,10.03452388841031,15288,1523.5401469976425
308,TUS,Tucson International Airport,Tucson,AZ,32.11608,-110.94103,9.601374570446735,16429,1711.1091624910523
309,TVC,Cherry Capital Airport,Traverse City,MI,44.741440000000004,-85.58224,7.399930627818245,2966,400.8145682947408
310,TWF,Magic Valley Regional Airport (Joslin Field),Twin Falls,ID,42.4818,-114.48773999999999,-1.7238307349665924,902,-523.2532299741601
311,TXK,Texarkana Regional Airport (Webb Field),Texarkana,AR,33.45371,-93.99101999999999,6.150495049504951,1064,172.99420476497102
312,TYR,Tyler Pounds Regional Airport,Tyler,TX,32.35414,-95.40239,7.510078157136981,2526,336.3480308922605
313,TYS,McGhee Tyson Airport,Knoxville,TN,35.81249000000001,-83.99286,11.542077536134,7593,657.8538375114107
314,UST,Northeast Florida Regional Airport (St. Augustine Airport),St. Augustine,FL,29.95441,-81.34291,14.067484662576687,169,12.013519406890536
315,VEL,Valdez Airport,Vernal,UT,40.4409,-109.50992,-5.850746268656716,205,-35.03826530612245
316,VLD,Valdosta Regional Airport,Valdosta,GA,30.7825,-83.27672,8.296551724137931,1023,123.30423940149626
317,VPS,Destin-Fort Walton Beach Airport/Eglin AFB,Valparaiso,FL,30.48325,-86.5254,9.070009643201542,5284,582.5793144509654
318,WRG,Wrangell Airport,Wrangell,AK,56.48433000000001,-132.36982,6.0125173852573015,726,120.74809160305344
319,WYS,Westerly State Airport,West Yellowstone,MT,44.6884,-111.11764,-1.875,208,-110.93333333333334
320,XNA,Northwest Arkansas Regional Airport,Fayetteville/Springdale/Rogers,AR,36.28187,-94.30681,10.798996487706974,10224,946.7546370293276
321,YAK,Yakutat Airport,Yakutat,AK,59.50336,-139.66023,-1.1904761904761905,724,-608.16
322,YUM,Yuma International Airport,Yuma,AZ,32.65658,-114.60597,2.6280667320902844,2055,781.9436146377894
