id,origin_airport,origin_airport_name,origin_city,origin_state,origin_latitude,origin_longitude,mean_arrival_delay,flight_count,flight_count_delay_ratio
1,ABE,Lehigh Valley International Airport,Allentown,PA,40.652359999999994,-75.4404,6.280210867802109,2513,400.1457997029767
2,ABI,Abilene Regional Airport,Abilene,TX,32.41132,-99.6819,2.5369376805612878,2530,997.2653326826094
3,ABQ,Albuquerque International Sunport,Albuquerque,NM,35.04022,-106.60918999999998,4.414322250639386,21008,4759.054461181924
4,ABR,Aberdeen Regional Airport,Aberdeen,SD,45.449059999999996,-98.42183,9.027285129604365,742,82.19525464712105
5,ABY,Southwest Georgia Regional Airport,Albany,GA,31.53552,-84.19447,7.8844537815126055,963,122.13908872901678
6,ACK,Nantucket Memorial Airport,Nantucket,MA,41.25305,-70.06018,10.346978557504872,520,50.256217030896764
7,ACT,Waco Regional Airport,Waco,TX,31.611290000000004,-97.23052,3.21143537820131,1760,548.0415430267062
8,ACV,Arcata Airport,Arcata/Eureka,CA,40.978120000000004,-124.10862,7.962509012256669,1442,181.09869612459252
9,ACY,Atlantic City International Airport,Atlantic City,NJ,39.45758,-74.57717,7.858695652173913,3820,486.0857538035961
10,ADK,Adak Airport,Adak,AK,51.877959999999995,-176.64603,11.824742268041238,105,8.879686137750653
11,ADQ,Kodiak Airport,Kodiak,AK,57.74997,-152.49386,1.8731182795698924,491,262.1297359357061
12,AEX,Alexandria International Airport,Alexandria,LA,31.327370000000002,-92.54856,8.24249699879952,3428,415.8933877075444
13,AGS,Augusta Regional Airport (Bush Field),Augusta,GA,33.36996,-81.9645,7.975467289719626,2584,323.9935550021972
14,AKN,King Salmon Airport,King Salmon,AK,58.6768,-156.64921999999999,4.349206349206349,63,14.485401459854016
15,ALB,Albany International Airport,Albany,NY,42.74812,-73.80298,-2.24549857196076,8193,-3648.63291489244
16,ALO,Waterloo Regional Airport,Waterloo,IA,42.55708,-92.40034,-0.5031347962382445,674,-1339.601246105919
17,AMA,Rick Husband Amarillo International Airport,Amarillo,TX,35.21937,-101.70593000000001,6.0883965280950205,4521,742.5600450196961
18,ANC,Ted Stevens Anchorage International Airport,Anchorage,AK,61.174319999999994,-149.99618999999996,-0.4801384732734847,17239,-35904.22546743249
19,APN,Alpena County Regional Airport,Alpena,MI,45.078070000000004,-83.56029000000002,1.9899328859060403,626,314.58347386172005
20,ASE,Aspen-Pitkin County Airport,Aspen,CO,39.22316,-106.86885,15.26196928635953,3621,237.25640722107133
21,ATL,Hartsfield-Jackson Atlanta International Airport,Atlanta,GA,33.640440000000005,-84.42694,2.422555566497481,379125,156497.95828961607
22,ATW,Appleton International Airport,Appleton,WI,44.25741,-88.51948,5.523856858846918,3108,562.6503509087637
23,AUS,Austin-Bergstrom International Airport,Austin,TX,30.19453,-97.66986999999999,5.014036528797836,42067,8389.847133819341
24,AVL,Asheville Regional Airport,Asheville,NC,35.43619,-82.54181,6.324186991869919,3029,478.95484493009803
25,AVP,Wilkes-Barre/Scranton International Airport,Wilkes-Barre/Scranton,PA,41.33815,-75.72426999999998,6.529207232267037,1472,225.44850356800512
26,AZO,Kalamazoo/Battle Creek International Airport,Kalamazoo,MI,42.23488,-85.55206,0.5104669887278583,1966,3851.375394321766
27,BDL,Bradley International Airport,Windsor Locks,CT,41.93887,-72.68323000000002,0.17430278884462153,20513,117686.01142857142
28,BET,Bethel Airport,Bethel,AK,60.77978,-161.838,3.8184647302904566,980,256.64765009508284
29,BFL,Meadows Field,Bakersfield,CA,35.4336,-119.05677,3.26101083032491,2820,864.7625373630023
30,BGM,Greater Binghamton Airport,Binghamton,NY,42.20848,-75.97961,6.218068535825545,324,52.106212424849694
31,BGR,Bangor International Airport,Bangor,ME,44.80744,-68.82814,3.2384615384615385,393,121.35391923990498
32,BHM,Birmingham-Shuttlesworth International Airport,Birmingham,AL,33.562940000000005,-86.75355,4.253259816705164,13660,3211.654257835082
33,BIL,Billings Logan International Airport,Billings,MT,45.80766,-108.54286,-2.7280025690430314,3130,-1147.359623307828
34,BIS,Bismarck Municipal Airport,Bismarck,ND,46.77411,-100.74672,4.208389351976337,3792,901.0573126317807
35,BJI,Bemidji Regional Airport,Bemidji,MN,47.50942,-94.93372,0.7796143250688705,729,935.077738515901
36,BLI,Bellingham International Airport,Bellingham,WA,48.79275,-122.53753,-1.4105113636363635,711,-504.07250755287015
37,BMI,Central Illinois Regional Airport at Bloomington-Normal,Bloomington,IL,40.47799000000001,-88.91595,4.908995449772489,2968,604.6043493761141
38,BNA,Nashville International Airport,Nashville,TN,36.12448,-86.67818,4.079659614702754,52000,12746.161423025667
39,BOI,Boise Airport (Boise Air Terminal),Boise,ID,43.56444000000001,-116.22278,5.564432176656151,12815,2303.0202531286764
40,BOS,Gen. Edward Lawrence Logan International Airport,Boston,MA,42.36435,-71.00518000000002,3.7657638834478138,117980,31329.63288499683
41,BPT,Jack Brooks Regional Airport (Southeast Texas Regional),Beaumont/Port Arthur,TX,29.95083,-94.02069,14.47979797979798,1060,73.20544122776421
42,BQK,Brunswick Golden Isles Airport,Brunswick,GA,31.25903,-81.46631,4.481132075471698,963,214.90105263157895
43,BQN,Rafael Hernández Airport,Aguadilla,PR,18.49486,-67.12944,4.538892782060266,1439,317.03767176161807
44,BRD,Brainerd Lakes Regional Airport,Brainerd,MN,46.397859999999994,-94.13723,-0.6897637795275591,642,-930.7534246575342
45,BRO,Brownsville/South Padre Island International Airport,Brownsville,TX,25.90683,-97.42586,1.6226568867155664,2566,1581.3571069814163
46,BRW,Wiley Post-Will Rogers Memorial Airport,Barrow,AK,71.28545,-156.766,1.728381374722838,936,541.5471456061579
47,BTM,Bert Mooney Airport,Butte,MT,45.9548,-112.49746,-6.3940677966101696,729,-114.01192842942346
48,BTR,Baton Rouge Metropolitan Airport,Baton Rouge,LA,30.53316,-91.14963,10.753374393919538,7825,727.6785605478985
49,BTV,Burlington International Airport,Burlington,VT,44.473,-73.15031,5.6649117373799935,3326,587.1230045921715
50,BUF,Buffalo Niagara International Airport,Buffalo,NY,42.94052,-78.73217,0.1546426000775151,18417,119093.96240601502
51,BUR,Bob Hope Airport (Hollywood Burbank Airport),Burbank,CA,34.20062,-118.3585,2.9562130177514794,20657,6987.65612489992
52,BWI,Baltimore-Washington International Airport,Baltimore,MD,39.1754,-76.6682,6.772137081915332,94044,13886.901411245793
53,BZN,Bozeman Yellowstone International Airport (Gallatin Field Airport),Bozeman,MT,45.7769,-111.15301000000001,1.017223650385604,3939,3872.3047763457166
54,CAE,Columbia Metropolitan Airport,Columbia,SC,33.93884,-81.11954,7.541643684500827,5585,740.5547429240108
55,CAK,Akron-Canton Regional Airport,Akron,OH,40.916309999999996,-81.44247,-0.17236577440816958,6591,-38238.44973070018
56,CDC,Cedar City Regional Airport,Cedar City,UT,37.70097,-113.09858,0.4544,626,1377.6408450704225
57,CDV,Merle K. (Mudhole) Smith Airport,Cordova,AK,60.49183000000001,-145.47765,-1.649859943977591,724,-438.8251273344652
58,CEC,Del Norte County Airport (Jack McNamara Field),Crescent City,CA,41.780159999999995,-124.23653,9.583815028901734,190,19.825090470446323
59,CHA,Chattanooga Metropolitan Airport (Lovell Field),Chattanooga,TN,35.035270000000004,-85.20379,5.540748898678414,4619,833.6418207115881
60,CHO,Charlottesville-Albemarle Airport,Charlottesville,VA,38.13864,-78.45286,8.504725085910653,2441,287.01692004646696
61,CHS,Charleston International Airport/Charleston AFB,Charleston,SC,32.89865,-80.04051,3.653858218318695,13024,3564.4513885908054
62,CID,The Eastern Iowa Airport,Cedar Rapids,IA,41.88459,-91.71087,8.202332443445272,7364,897.7934082499658
63,CIU,Chippewa County International Airport,Sault Ste. Marie,MI,46.25075,-84.47239,8.22052067381317,670,81.50335320417288
64,CLD,McClellan-Palomar Airport,San Diego,CA,33.12723,-117.27873000000001,5.240445859872612,641,122.31783652385293
65,CLE,Cleveland Hopkins International Airport,Cleveland,OH,41.41089,-81.8494,2.625530878891985,37813,14402.039718518823
66,CLL,Easterwood Airport,College Station,TX,30.588590000000003,-96.36381999999999,2.031430934656741,2534,1247.3965798045601
67,CLT,Charlotte Douglas International Airport,Charlotte,NC,35.21400999999999,-80.94313000000002,5.479844432565941,109811,20039.07252319222
68,CMH,Port Columbus International Airport,Columbus,OH,39.99799,-82.89188,3.098698270837381,26375,8511.63866073108
69,CMI,University of Illinois - Willard Airport,Champaign/Urbana,IL,40.03925,-88.27806,2.9954524783992724,2322,775.1750417488994
70,CMX,Houghton County Memorial Airport,Hancock,MI,47.16842000000001,-88.48906,4.742268041237113,730,153.93478260869566
71,CNY,Canyonlands Field,Moab,UT,38.75496,-109.75483999999999,-20.678048780487806,206,-9.962255248879451
72,COD,Yellowstone Regional Airport,Cody,WY,44.52019,-109.0238,8.146842878120411,696,85.43186733958183
73,COS,City of Colorado Springs Municipal Airport,Colorado Springs,CO,38.80581,-104.70025,7.22530612244898,7491,1036.7726810529884
74,COU,Columbia Regional Airport,Columbia,MO,38.81809000000001,-92.21963000000001,10.80058651026393,1431,132.492804778713
75,CPR,Natrona County International Airport,Casper,WY,42.908359999999995,-106.46446999999999,-4.617224880382775,1912,-414.1015544041451
76,CRP,Corpus Christi International Airport,Corpus Christi,TX,27.770359999999997,-97.50121999999999,6.520394088669951,5254,805.7795170892388
77,CRW,Yeager Airport,Charleston,WV,38.37315,-81.59319,10.075620322961797,2609,258.94187319208817
78,CSG,Columbus Metropolitan Airport,Columbus,GA,32.516329999999996,-84.93885999999998,4.349829351535837,1180,271.27500980776773
79,CVG,Cincinnati/Northern Kentucky International Airport,Covington,KY,39.04614,-84.66216999999997,5.2444080486663545,21950,4185.4104021486
80,CWA,Central Wisconsin Airport,Mosinee,WI,44.77762,-89.66678,3.6088977423638777,1565,433.65041398344067
81,DAB,Daytona Beach International Airport,Daytona Beach,FL,29.17992000000001,-81.05806,-0.859190031152648,1613,-1877.3495286439447
82,DAL,Dallas Love Field,Dallas,TX,32.84711,-96.85177,7.73279907700463,65203,8432.004937758835
83,DAY,James M. Cox Dayton International Airport,Dayton,OH,39.90238,-84.21938,3.7381945969690316,9429,2522.340599294947
84,DBQ,Dubuque Regional Airport,Dubuque,IA,42.40296,-90.70917,1.0481171548117154,1015,968.4031936127745
85,DCA,Ronald Reagan Washington National Airport,Arlington,VA,38.85208,-77.03772,2.755784849568371,80582,29241.034550509732
86,DEN,Denver International Airport,Denver,CO,39.85841,-104.667,6.472726325806894,213916,33048.82505955991
87,DFW,Dallas/Fort Worth International Airport,Dallas-Fort Worth,TX,32.89595,-97.0372,6.418505583001412,260161,40532.95531735658
88,DHN,Dothan Regional Airport,Dothan,AL,31.32134000000001,-85.44963,9.024246877296106,1378,152.6997231721218
89,DIK,Dickinson Theodore Roosevelt Regional Airport,Dickinson,ND,46.79739,-102.80195,-4.297242083758937,999,-232.47468504872833
90,DLG,Dillingham Airport,Dillingham,AK,59.04541,-158.50333999999995,-7.87012987012987,77,-9.783828382838283
91,DLH,Duluth International Airport,Duluth,MN,46.84209,-92.19365,9.45945945945946,1942,205.29714285714286
92,DRO,Durango-La Plata County Airport,Durango,CO,37.15152,-107.75376999999999,6.022789425706472,2246,372.9169063114878
93,DSM,Des Moines International Airport,Des Moines,IA,41.534929999999996,-93.66068,6.21637891867333,9095,1463.0704014325129
94,DTW,Detroit Metropolitan Airport,Detroit,MI,42.21206,-83.34884,3.2223211229031152,118391,36740.90678254218
95,DVL,Devils Lake Regional Airport,Devils Lake,ND,48.11425,-98.90878000000001,2.2315175097276265,574,257.2240627724499
96,EAU,Chippewa Valley Regional Airport,Eau Claire,WI,44.86526,-91.48507,5.941091954022989,730,122.87303506650544
97,ECP,Northwest Florida Beaches International Airport,Panama City,FL,30.35531,-85.79911,0.09572346554398405,4545,47480.520833333336
98,EGE,Eagle County Regional Airport,Eagle,CO,39.64257,-106.9177,12.306988352745424,1245,101.16203609815453
99,EKO,Elko Regional Airport,Elko,NV,40.82493,-115.7917,-3.312280701754386,584,-176.31355932203388
100,ELM,Elmira/Corning Regional Airport,Elmira,NY,42.159909999999996,-76.89144,5.495004541326067,2246,408.73487603305784
101,ELP,El Paso International Airport,El Paso,TX,31.80667,-106.37781000000001,4.745065789473684,12939,2726.832582322357
102,ERI,Erie International Airport,Erie,PA,42.08202,-80.17622,7.705882352941177,803,104.20610687022901
103,ESC,Delta County Airport,Escanaba,MI,45.72267,-87.09373000000002,2.83993399339934,626,220.4276583381755
104,EUG,Eugene Airport (Mahlon Sweet Field),Eugene,OR,44.123259999999995,-123.21869,3.243110996652073,3960,1221.0497895656317
105,EVV,Evansville Regional Airport,Evansville,IN,38.03799,-87.53063,6.189129904947599,4233,683.9410490667087
106,EWN,Coastal Carolina Regional Airport (Craven County Regional),New Bern,NC,35.07297,-77.04294,5.358064516129033,630,117.57977122215532
107,EWR,Newark Liberty International Airport,Newark,NJ,40.6925,-74.16866,3.929040040829583,111308,28329.56621549173
108,EYW,Key West International Airport,Key West,FL,24.55611,-81.75956,2.1688187470109996,2124,979.3349503858875
109,FAI,Fairbanks International Airport,Fairbanks,AK,64.81368,-147.85967,0.4230277185501066,2360,5578.83064516129
110,FAR,Hector International Airport,Fargo,ND,46.91935,-96.81499000000001,3.9899802890932983,6220,1558.904944218023
111,FAT,Fresno Yosemite International Airport,Fresno,CA,36.77619,-119.71813999999999,8.406361356737495,7674,912.8801004788445
112,FAY,Fayetteville Regional Airport,Fayetteville,NC,34.99147,-78.88,5.759931895573212,1783,309.5522711597202
113,FCA,Glacier Park International Airport,Kalispell,MT,48.3114,-114.25506999999999,-2.739027843322322,2148,-784.2198483804273
114,FLG,Flagstaff Pulliam Airport,Flagstaff,AZ,35.13845,-111.67121999999999,6.211211778029445,1818,292.6965083416902
115,FLL,Fort Lauderdale-Hollywood International Airport,Ft. Lauderdale,FL,26.07258,-80.15275,3.445115875003194,79374,23039.57337862443
116,FNT,Bishop International Airport,Flint,MI,42.9655,-83.74346,-2.1987700853005356,5159,-2346.3117105738
117,FSD,Sioux Falls Regional Airport,Sioux Falls,SD,43.58135,-96.7417,8.646544025718878,5776,668.0125588697017
118,FSM,Fort Smith Regional Airport,Fort Smith,AR,35.33659,-94.36744,5.68953934740883,2151,378.06224171375555
119,FWA,Fort Wayne International Airport,Fort Wayne,IN,40.97847,-85.19515,6.345142243692968,5772,909.6722781490568
120,GCC,Gillette-Campbell County Airport,Gillette,WY,44.3489,-105.53936000000002,-4.55607476635514,1085,-238.14358974358976
121,GCK,Garden City Regional Airport,Garden City,KS,37.92752,-100.72440999999999,4.483500717360115,725,161.704
122,GEG,Spokane International Airport,Spokane,WA,47.619859999999996,-117.53383999999998,2.6739405747686313,10333,3864.3341955698047
123,GFK,Grand Forks International Airport,Grand Forks,ND,47.949259999999995,-97.17611,4.240049751243781,807,190.32795541214432
124,GGG,East Texas Regional Airport,Longview,TX,32.384859999999996,-94.71171,8.907324364723468,702,78.81154556133579
125,GJT,Grand Junction Regional Airport (Walker Field),Grand Junction,CO,39.122409999999995,-108.52673,1.5103244837758112,3450,2284.27734375
126,GNV,Gainesville Regional Airport,Gainesville,FL,29.69006,-82.27178,7.771697455559428,2917,375.33627842310625
127,GPT,Gulfport-Biloxi International Airport,Gulfport-Biloxi,MS,30.40728,-89.07009000000002,1.3599369913363086,3909,2874.3978764478766
128,GRB,Green Bay-Austin Straubel International Airport,Green Bay,WI,44.48507,-88.12959000000002,3.613479262672811,5370,1486.102343376375
129,GRI,Central Nebraska Regional Airport,Grand Island,NE,40.96747,-98.30861,-0.27492447129909364,691,-2513.4175824175827
130,GRK,Killeen-Fort Hood Regional Airport,Killeen,TX,31.0649,-97.8278,5.0049645390070925,4404,879.9263142978602
131,GRR,Gerald R. Ford International Airport,Grand Rapids,MI,42.88082,-85.52277,1.607694320858414,11773,7322.909490476965
132,GSO,Piedmont Triad International Airport,Greensboro,NC,36.09775,-79.9373,5.542593905031892,7335,1323.3875917448788
133,GSP,Greenville-Spartanburg International Airport,Greer,SC,34.89567,-82.21885999999998,2.655866400228376,7173,2700.8135647874456
134,GST,Gustavus Airport,Gustavus,AK,58.424380000000006,-135.70738,21.763157894736842,77,3.5380894800483675
135,GTF,Great Falls International Airport,Great Falls,MT,47.482,-111.37069,-1.2282099343955013,2156,-1755.4002289202597
136,GTR,Golden Triangle Regional Airport,Columbus-Starkville-West Point,MS,33.45033,-88.59137,7.681,1015,132.14425205051427
137,GUC,Gunnison-Crested Butte Regional Airport,Gunnison,CO,38.53396,-106.93318000000001,8.625,497,57.6231884057971
138,GUM,Guam International Airport,Agana,GU,13.48345,-144.79598000000001,4.575,365,79.78142076502732
139,HDN,Yampa Valley Airport (Yampa Valley Regional),Hayden,CO,40.48118,-107.21766000000001,8.157223796033994,723,88.63309602361521
140,HIB,Range Regional Airport (Chisholm-Hibbing Airport),Hibbing,MN,47.3866,-92.83899,-1.2622268470343392,982,-777.9901071723001
141,HLN,Helena Regional Airport,Helena,MT,46.60682,-111.98275,-2.1455128205128204,1576,-734.5563190917239
142,HNL,Honolulu International Airport,Honolulu,HI,21.31869,-157.92241,0.5786284711071146,46952,81143.60482498335
143,HOB,Lea County Regional Airport,Hobbs,NM,32.687529999999995,-103.21703000000001,2.756666666666667,624,226.36033857315599
144,HOU,William P. Hobby Airport,Houston,TX,29.64542,-95.27889,7.166540988904449,56641,7903.533948622364
145,HPN,Westchester County Airport,White Plains,NY,41.066959999999995,-73.70756999999998,9.087898089171974,8164,898.3375385477993
146,HRL,Valley International Airport,Harlingen,TX,26.228509999999996,-97.65439,1.3696581196581197,3340,2438.5647425897037
147,HSV,Huntsville International Airport,Huntsville,AL,34.64045,-86.77311,2.904821280133001,4909,1689.9490628129918
148,HYA,Barnstable Municipal Airport,Hyannis,MA,41.66934000000001,-70.28036,8.621951219512194,83,9.626591230551627
149,HYS,Hays Regional Airport,Hays,KS,38.84494,-99.27403000000001,2.6721311475409837,626,234.26993865030673
150,IAD,Washington Dulles International Airport,Chantilly,VA,38.94453,-77.45581,4.505377224587837,37294,8277.664253388182
151,IAG,Niagara Falls International Airport,Niagara Falls,NY,43.10726,-78.94538,3.7005988023952097,344,92.957928802589
152,IAH,George Bush Intercontinental Airport,Houston,TX,29.98047,-95.33972,6.920385515135676,159595,23061.576504798388
153,ICT,Wichita Dwight D. Eisenhower National Airport (Wichita Mid-Continent Airport),Wichita,KS,37.64996,-97.43305,6.240574296719972,8794,1409.165179656959
154,IDA,Idaho Falls Regional Airport,Idaho Falls,ID,43.514559999999996,-112.07016999999999,-2.530502885408079,2448,-967.3966444046262
155,ILG,Wilmington Airport,Wilmington,DE,39.67872,-75.60653,24.063157894736843,100,4.15573053368329
156,ILM,Wilmington International Airport,Wilmington,NC,34.27061,-77.90256,3.439571150097466,2075,603.2728818362142
157,IMT,Ford Airport,Iron Mountain/Kingsford,MI,45.81835,-88.11454,-1.3806646525679758,678,-491.06783369803065
158,IND,Indianapolis International Airport,Indianapolis,IN,39.71733,-86.29438,1.8575650333831952,27931,15036.351082217072
159,INL,Falls International Airport,International Falls,MN,48.56619,-93.40307,5.161184210526316,627,121.48374760994264
160,ISN,Sloulin Field International Airport,Williston,ND,48.17794,-103.64235,0.4972211930344572,2763,5556.8830104321905
161,ISP,Long Island MacArthur Airport,Islip,NY,40.79524,-73.10021,1.8562119895742832,4758,2563.28481160777
162,ITH,Ithaca Tompkins Regional Airport,Ithaca,NY,42.49103,-76.45844,7.9,34,4.30379746835443
163,ITO,Hilo International Airport,Hilo,HI,19.72026,-155.04847,0.20850104653034937,6226,29860.76138996139
164,JAC,Jackson Hole Airport,Jackson,WY,43.60732,-110.73773999999999,2.159078289838978,3669,1699.3362479105053
165,JAN,Jackson-Evers International Airport,Jackson,MS,32.311170000000004,-90.07589,3.513116057233704,7751,2206.303427989592
166,JAX,Jacksonville International Airport,Jacksonville,FL,30.494059999999998,-81.68786,3.2917650682821646,19750,5999.820640391784
167,JFK,John F. Kennedy International Airport (New York International Airport),New York,NY,40.63975,-73.77893,3.1818792282635933,101964,32045.213751133957
168,JLN,Joplin Regional Airport,Joplin,MO,37.15181,-94.49826999999999,7.983988355167394,724,90.68149498632634
169,JMS,Jamestown Regional Airport,Jamestown,ND,46.92972,-98.6782,2.0488997555012225,887,432.91527446300717
170,JNU,Juneau International Airport,Juneau,AK,58.35496,-134.57628,5.5512497133684935,4430,798.0185055144781
171,KOA,Kona International Airport at Keahole,Kailua/Kona,HI,19.738770000000002,-156.04563000000005,-0.3914128806789815,12081,-30865.10586734694
172,KTN,Ketchikan International Airport,Ketchikan,AK,55.35556999999999,-131.71374,3.2533441426834213,2505,769.9769499127834
173,LAN,Capital Region International Airport ( Lansing Capital City),Lansing,MI,42.7787,-84.58736,5.659237246161466,2071,365.9503763346753
174,LAR,Laramie Regional Airport,Laramie,WY,41.31205,-105.67499,-4.332236842105263,634,-146.34472285497344
175,LAS,McCarran International Airport,Las Vegas,NV,36.08036,-115.15233,5.656050779059868,145747,25768.333010656886
176,LAW,Lawton-Fort Sill Regional Airport,Lawton,OK,34.56771,-98.41664,6.5040590405904055,1455,223.70645637126972
177,LAX,Los Angeles International Airport,Los Angeles,CA,33.94254,-118.40807,5.289751401529983,212175,40110.58061039154
178,LBB,Lubbock Preston Smith International Airport,Lubbock,TX,33.66364,-101.82278000000001,6.46441793500617,5047,780.7354120267261
179,LBE,Arnold Palmer Regional Airport,Latrobe,PA,40.27594000000001,-79.4048,7.203676470588236,1398,194.06757170562415
180,LCH,Lake Charles Regional Airport,Lake Charles,LA,30.1261,-93.2234,0.03763171098845961,2058,54687.92
181,LEX,Blue Grass Airport,Lexington,KY,38.036970000000004,-84.60539,2.226973684210526,6566,2948.395864106352
182,LFT,Lafayette Regional Airport,Lafayette,LA,30.20528,-91.98765999999999,7.12656595431098,5580,782.9858077191532
183,LGA,LaGuardia Airport (Marine Air Terminal),New York,NY,40.77724,-73.87261,5.043357442317561,108195,21452.970811103452
184,LGB,Long Beach Airport (Daugherty Field),Long Beach,CA,33.81772,-118.15161,4.003175947491002,9520,2378.1118104405773
185,LIH,Lihue Airport,Lihue,HI,21.97598,-159.33896000000001,-1.0581610206775187,11426,-10797.97854648262
186,LIT,Bill and Hillary Clinton National Airport (Adams Field),Little Rock,AR,34.7294,-92.22425,5.26049968657652,11470,2180.4012324662945
187,LNK,Lincoln Airport (Lincoln Municipal),Lincoln,NE,40.850970000000004,-96.75925,4.08140350877193,2924,716.4202200825308
188,LRD,Laredo International Airport,Laredo,TX,27.543740000000003,-99.46154,2.391566265060241,2405,1005.6171284634761
189,LSE,La Crosse Regional Airport,La Crosse,WI,43.87938,-91.25654,1.8980526918671248,1811,954.1357875678938
190,LWS,Lewiston-Nez Perce County Airport,Lewiston,ID,46.3745,-117.01539,-6.889235569422777,641,-93.04370471014494
191,MAF,Midland International Airport,Midland,TX,31.942529999999998,-102.20191,5.494135645079042,8127,1479.213569704845
192,MBS,MBS International Airport,Saginaw,MI,43.53291,-84.07965,4.908584169453735,1863,379.53917783329547
193,MCI,Kansas City International Airport,Kansas City,MO,39.29761,-94.71391,3.638177801258345,42220,11604.710463957334
194,MCO,Orlando International Airport,Orlando,FL,28.42889000000001,-81.31603,6.407204834734461,119963,18723.141072322487
195,MDT,Harrisburg International Airport,Harrisburg,PA,40.1935,-76.7634,1.6512160228898427,3570,2162.0429734881304
196,MDW,Chicago Midway International Airport,Chicago,IL,41.78598,-87.75242,5.286821345707657,88416,16723.84864523264
197,MEI,Meridian Regional Airport,Meridian,MS,32.33313,-88.75121,7.949484536082474,991,124.6621709246531
198,MEM,Memphis International Airport,Memphis,TN,35.04242,-89.97667,3.7824554779434902,16290,4306.726171660538
199,MFE,McAllen-Miller International Airport (McAllen Miller International),McAllen,TX,26.175829999999998,-98.23861,3.710921985815603,3649,983.3135845883343
200,MFR,Rogue Valley International Airport,Medford,OR,42.37423,-122.8735,3.9891385767790264,2719,681.6007886583419
201,MGM,Montgomery Regional Airport,Montgomery,AL,32.30064,-86.39398,6.945486518171161,3480,501.04481390834667
202,MHK,Manhattan Regional Airport,Manhattan,KS,39.14097,-96.67083000000001,1.9608416130917592,1785,910.3233979135618
203,MHT,Manchester-Boston Regional Airport,Manchester,NH,42.93452,-71.43706,-0.24783128926114267,6869,-27716.435727217864
204,MIA,Miami International Airport,Miami,FL,25.79325,-80.29056,6.49385510996119,75276,11591.881667413716
205,MKE,General Mitchell International Airport,Milwaukee,WI,42.94722,-87.89658,2.1220010690815334,32467,15300.180793053372
206,MKG,Muskegon County Airport,Muskegon,MI,43.16949,-86.23822,5.8691176470588236,729,124.2094713104485
207,MLB,Melbourne International Airport,Melbourne,FL,28.10275,-80.64581,1.7809457579972183,1448,813.0511518937915
208,MLI,Quad City International Airport,Moline,IL,41.44853,-90.50754,6.284293727689954,4085,650.0332697691402
209,MLU,Monroe Regional Airport,Monroe,LA,32.510870000000004,-92.03769,7.005396825396826,3240,462.5005664567
210,MMH,Mammoth Yosemite Airport,Mammoth Lakes,CA,37.62405,-118.83776999999999,7.928571428571429,156,19.675675675675674
211,MOB,Mobile Regional Airport,Mobile,AL,30.69142,-88.24283,6.909806862928933,5455,789.4576662143826
212,MOT,Minot International Airport,Minot,ND,48.25938,-101.28033,2.0382916053019144,2068,1014.5751445086706
213,MQT,Sawyer International Airport,Marquette,MI,46.35364000000001,-87.39536,1.68944099378882,330,195.33088235294116
214,MRY,Monterey Regional Airport (Monterey Peninsula Airport),Monterey,CA,36.58698,-121.84295,5.936440677966102,3215,541.5703069236259
215,MSN,Dane County Regional Airport,Madison,WI,43.13986,-89.33751,2.6748732802317163,9973,3728.4009204114777
216,MSO,Missoula International Airport,Missoula,MT,46.916309999999996,-114.09056000000001,-1.5723920863309353,2248,-1429.6688590220188
217,MSP,Minneapolis-Saint Paul International Airport,Minneapolis,MN,44.88055,-93.21692,1.5290537984572623,122696,80243.08897685225
218,MSY,Louis Armstrong New Orleans International Airport,New Orleans,LA,29.99339,-90.25803,3.3150949699341417,42436,12800.839911033692
219,MTJ,Montrose Regional Airport,Montrose,CO,38.50887,-107.89383000000001,2.4886831275720165,1007,404.63166597767673
220,MVY,Martha's Vineyard Airport,Marthas Vineyard,MA,41.393029999999996,-70.61433000000002,12.356481481481481,216,17.480704383664296
221,MYR,Myrtle Beach International Airport,Myrtle Beach,SC,33.67975,-78.92833,7.083922768113172,5338,753.5372949050086
222,OAJ,Albert J. Ellis Airport,Jacksonville,NC,34.829159999999995,-77.61214,9.559349593495934,1248,130.55281510460964
223,OAK,Oakland International Airport,Oakland,CA,37.72129,-122.22072,6.156772511121337,46301,7520.336331472992
224,OGG,Kahului Airport,Kahului,HI,20.89865,-156.43046,0.876003768336997,22450,25627.743637015414
225,OKC,Will Rogers World Airport,Oklahoma City,OK,35.39309,-97.60073,4.441402662993572,17785,4004.3655911199553
226,OMA,Eppley Airfield,Omaha,NE,41.30252,-95.89416999999999,3.217129474740716,18254,5674.002287853577
227,OME,Nome Airport,Nome,AK,64.5122,-165.44525,8.283018867924529,725,87.52847380410022
228,ONT,Ontario International Airport,Ontario,CA,34.056,-117.60118999999999,4.0137927498333585,19720,4913.058852084159
229,ORD,Chicago O'Hare International Airport,Chicago,IL,41.9796,-87.90446,7.6011333197317414,313295,41216.88001271063
230,ORF,Norfolk International Airport,Norfolk,VA,36.89461,-76.20121999999998,3.494097639055622,10288,2944.3939645546425
231,ORH,Worcester Regional Airport,Worcester,MA,42.267340000000004,-71.87571,0.5441389290882779,725,1332.3803191489362
232,OTH,Southwest Oregon Regional Airport (North Bend Municipal),North Bend,OR,43.41714,-124.24603,16.1722972972973,311,19.230415709212448
233,OTZ,Ralph Wien Memorial Airport,Kotzebue,AK,66.88468,-162.59855,6.562952243125904,725,110.46857772877618
234,PAH,Barkley Regional Airport,Paducah,KY,37.060829999999996,-88.77375,4.997067448680352,728,145.68544600938966
235,PBG,Plattsburgh International Airport,Plattsburgh,NY,44.65191,-73.46571,9.646048109965635,294,30.478802992518705
236,PBI,Palm Beach International Airport,West Palm Beach,FL,26.683159999999997,-80.09559,7.444444444444445,24315,3266.194029850746
237,PDX,Portland International Airport,Portland,OR,45.58872,-122.5975,0.6808402837321693,51635,75840.10704676856
238,PHF,Newport News/Williamsburg International Airport,Newport News,VA,37.1319,-76.49299,8.409530900967981,1377,163.7427837789977
239,PHL,Philadelphia International Airport,Philadelphia,PA,39.87195,-75.24114,3.862976355264273,72096,18663.32935270265
240,PHX,Phoenix Sky Harbor International Airport,Phoenix,AZ,33.43417,-112.00806000000001,4.038010827747841,159592,39522.42993092983
241,PIA,General Wayne A. Downing Peoria International Airport,Peoria,IL,40.66424,-89.69331,5.449193548387097,5140,943.2588426816635
242,PIB,Hattiesburg-Laurel Regional Airport,Hattiesburg-Laurel,MS,31.46715,-89.33706,8.391869918699188,626,74.59600852547955
243,PIH,Pocatello Regional Airport,Pocatello,ID,42.91131,-112.59586000000002,2.1875881523272214,711,325.0154738878143
244,PIT,Pittsburgh International Airport,Pittsburgh,PA,40.49147,-80.23286999999998,-1.5000969330386569,26249,-17498.202564036288
245,PLN,Pellston Regional Airport of Emmet County,Pellston,MI,45.57093,-84.79672,6.931818181818182,815,117.57377049180329
246,PNS,Pensacola International Airport (Pensacola Gulf Coast Regional Airport),Pensacola,FL,30.473309999999998,-87.18744000000002,3.2008435136707387,7012,2190.6725430505703
247,PPG,Pago Pago International Airport (Tafuna Airport),Pago Pago,AS,14.33102,-170.71053,27.643478260869564,116,4.196288140924819
248,PSC,Tri-Cities Airport,Pasco,WA,46.26468,-119.11903000000001,0.4944295044179793,2643,5345.554778554778
249,PSE,Mercedita Airport,Ponce,PR,18.0083,-66.56300999999999,-4.339598997493734,811,-186.88362691308114
250,PSG,Petersburg James A. Johnson Airport,Petersburg,AK,56.80165,-132.94528,5.695224719101123,726,127.47521578298398
251,PSP,Palm Springs International Airport,Palm Springs,CA,33.82922,-116.50625,5.826150781168082,9660,1658.0415376862716
252,PUB,Pueblo Memorial Airport,Pueblo,CO,38.28909,-104.49656999999999,2.2213438735177866,264,118.84697508896797
253,PVD,Theodore Francis Green State Airport,Providence,RI,41.724,-71.42822,0.10043041606886657,12156,121039.02857142857
254,PWM,Portland International Jetport,Portland,ME,43.64617,-70.30875,3.3361310951239007,5158,1546.102312207979
255,RAP,Rapid City Regional Airport,Rapid City,SD,44.045320000000004,-103.05736999999999,3.363848396501458,3501,1040.7722308892355
256,RDD,Redding Municipal Airport,Redding,CA,40.50898,-122.2934,0.62890625,789,1254.55900621118
257,RDM,Redmond Municipal Airport (Roberts Field),Redmond,OR,44.25407,-121.14996000000001,0.8020698576972833,2352,2932.4129032258065
258,RDU,Raleigh-Durham International Airport,Raleigh,NC,35.87764,-78.78747,4.005373186916437,34898,8712.796129457904
259,RHI,Rhinelander-Oneida County Airport,Rhinelander,WI,45.631190000000004,-89.46745,5.020527859237537,1042,207.5478971962617
260,RIC,Richmond International Airport,Richmond,VA,37.50517,-77.31967,5.3022101120193765,17002,3206.5873740949683
261,RKS,Rock Springs-Sweetwater County Airport,Rock Springs,WY,41.59422,-109.06518999999999,-0.5488308115543329,747,-1361.0751879699249
262,RNO,Reno/Tahoe International Airport,Reno,NV,39.49858,-119.76806,4.91449814126394,14155,2880.2534039334346
263,ROA,Roanoke Regional Airport (Woodrum Field),Roanoke,VA,37.32547,-79.97543,6.56516393442623,2505,381.5593982146201
264,ROC,Greater Rochester International Airport,Rochester,NY,43.11887,-77.67238,0.8631288420524401,8185,9482.94113372093
265,ROW,Roswell International Air Center,Roswell,NM,33.301559999999995,-104.53056,5.892323030907278,1066,180.9133671742809
266,RST,Rochester International Airport,Rochester,MN,43.90883,-92.49799,3.4948979591836733,2239,640.6481751824817
267,RSW,Southwest Florida International Airport,Ft. Myers,FL,26.536170000000002,-81.75516999999998,3.57607862270858,29116,8141.879156433945
268,SAF,Santa Fe Municipal Airport,Santa Fe,NM,35.61678,-106.08814,8.013131976362443,1597,199.2978531628974
269,SAN,San Diego International Airport (Lindbergh Field),San Diego,CA,32.73356,-117.18966,3.032546850753989,76359,25179.8253276828
270,SAT,San Antonio International Airport,San Antonio,TX,29.533690000000004,-98.46978,1.7188839187963338,32412,18856.421684773708
271,SAV,Savannah/Hilton Head International Airport,Savannah,GA,32.12758,-81.20214,5.461509715994021,8203,1501.9656517276771
272,SBA,Santa Barbara Municipal Airport (Santa Barbara Airport),Santa Barbara,CA,34.42621,-119.84037,5.113025927650986,6582,1287.300337047946
273,SBN,South Bend International Airport (South Bend Regional),South Bend,IN,41.70895,-86.31846999999998,8.679419802396469,4869,560.9821982173997
274,SBP,San Luis Obispo County Regional Airport (McChesney Field),San Luis Obispo,CA,35.23706,-120.64238999999999,4.6908431550317315,3383,721.1923076923077
275,SCC,Deadhorse Airport (Prudhoe Bay Airport),Deadhorse,AK,70.19476,-148.46516,0.9051339285714286,936,1034.1011097410603
276,SCE,University Park Airport,State College,PA,40.851209999999995,-77.8463,5.404661016949152,973,180.0297922383379
277,SDF,Louisville International Airport (Standiford Field),Louisville,KY,38.17439,-85.736,2.691123272423708,11047,4104.977320511495
278,SEA,Seattle-Tacoma International Airport,Seattle,WA,47.44898,-122.30931000000001,2.5772396853320942,121256,47048.78661077088
279,SFO,San Francisco International Airport,San Francisco,CA,37.619,-122.37483999999999,5.4026282775059595,162006,29986.51613225324
280,SGF,Springfield-Branson National Airport,Springfield,MO,37.24433,-93.38686,8.630414887126296,6767,784.0874498506566
281,SGU,St. George Regional Airport,St George,UT,37.090579999999996,-113.59306000000001,1.9113025848960974,1980,1035.9427207637232
282,SHV,Shreveport Regional Airport,Shreveport,LA,32.44663,-93.8256,9.194813213954925,6655,723.7776173527634
283,SIT,Sitka Rocky Gutierrez Airport,Sitka,AK,57.04714,-135.3616,2.041018387553041,1435,703.080388080388
284,SJC,Norman Y. Mineta San José International Airport,San Jose,CA,37.36186,-121.92901,4.841084894186329,41624,8598.072727455445
285,SJT,San Angelo Regional Airport (Mathis Field),San Angelo,TX,31.35775,-100.49631,4.0378027170702895,1777,440.0908425980105
286,SJU,Luis Muñoz Marín International Airport,San Juan,PR,18.439420000000002,-66.00183,2.506036485508626,26524,10584.04382912114
287,SLC,Salt Lake City International Airport,Salt Lake City,UT,40.78839,-111.97776999999999,0.40001140825387166,105916,264782.4482365244
288,SMF,Sacramento International Airport,Sacramento,CA,38.69542,-121.59076999999999,5.147105432575645,40830,7932.613880724102
289,SMX,Santa Maria Public Airport (Capt G. Allan Hancock Field),Santa Maria,CA,34.89925,-120.45758000000001,5.64656381486676,726,128.5737704918033
290,SNA,John Wayne Airport (Orange County Airport),Santa Ana,CA,33.67566,-117.86822,1.5356201184020695,40698,26502.648351826356
291,SPI,Abraham Lincoln Capital Airport,Springfield,IL,39.84395,-89.67761999999998,7.225225225225225,1737,240.4077306733167
292,SPS,Wichita Falls Municipal Airport/Sheppard AFB,Wichita Falls,TX,33.9888,-98.49189,5.232323232323233,1356,259.15830115830113
293,SRQ,Sarasota-Bradenton International Airport,Sarasota,FL,27.395329999999998,-82.55411,4.455825510767532,3675,824.7629964681826
294,STC,St. Cloud Regional Airport,St Cloud,MN,45.545320000000004,-94.05834,19.558441558441558,83,4.243691899070385
295,STL,St. Louis International Airport at Lambert Field,St Louis,MO,38.74769000000001,-90.35999,3.7149427110177218,51246,13794.559966702953
296,STT,Cyril E. King Airport,Charlotte Amalie,VI,18.337310000000002,-64.97336,3.798410896708286,4585,1207.0837317714559
297,STX,Henry E. Rohlsen Airport,Christiansted,VI,17.70189,-64.79856,5.06,1007,199.0118577075099
298,SUN,Friedman Memorial Airport,Hailey,ID,43.50484,-114.29659,1.063646170442287,1018,957.0851926977687
299,SUX,Sioux Gateway Airport,Sioux City,IA,42.4026,-96.38436999999999,5.603715170278638,677,120.81270718232045
300,SWF,Stewart International Airport,Newburgh,NY,41.50409000000001,-74.10484,6.314363143631437,757,119.88540772532188
301,SYR,Syracuse Hancock International Airport,Syracuse,NY,43.11119,-76.10631,0.35411184210526314,6248,17644.14305620065
302,TLH,Tallahassee International Airport,Tallahassee,FL,30.39653,-84.35033,3.3021351272301844,3473,1051.7437555358724
303,TOL,Toledo Express Airport,Toledo,OH,41.58681,-83.80783000000002,-3.0730964467005077,1050,-341.6749256689792
304,TPA,Tampa International Airport,Tampa,FL,27.97547,-82.53325,4.522464905461106,69019,15261.367737017936
305,TRI,Tri-Cities Regional Airport,Bristol,TN,36.47521,-82.40742,4.116707021791767,2087,506.95859310669334
306,TTN,Trenton Mercer Airport,Trenton,NJ,40.27669,-74.81347,10.576771653543307,3107,293.7569328122092
307,TUL,Tulsa International Airport,Tulsa,OK,36.198370000000004,-95.88824,3.6421718854097267,15289,4197.770034205857
308,TUS,Tucson International Airport,Tucson,AZ,32.11608,-110.94103,2.1209543184760498,16428,7745.569933728635
309,TVC,Cherry Capital Airport,Traverse City,MI,44.741440000000004,-85.58224,1.661436541143654,2964,1783.9983210912908
310,TWF,Magic Valley Regional Airport (Joslin Field),Twin Falls,ID,42.4818,-114.48773999999999,-1.5448430493273542,902,-583.878084179971
311,TXK,Texarkana Regional Airport (Webb Field),Texarkana,AR,33.45371,-93.99101999999999,5.27,1066,202.27703984819735
312,TYR,Tyler Pounds Regional Airport,Tyler,TX,32.35414,-95.40239,5.5990916597853015,2527,451.32320625322615
313,TYS,McGhee Tyson Airport,Knoxville,TN,35.81249000000001,-83.99286,7.601898305084746,7592,998.6979166666666
314,UST,Northeast Florida Regional Airport (St. Augustine Airport),St. Augustine,FL,29.95441,-81.34291,8.082278481012658,169,20.90994518402506
315,VEL,Valdez Airport,Vernal,UT,40.4409,-109.50992,-7.52,206,-27.393617021276597
316,VLD,Valdosta Regional Airport,Valdosta,GA,30.7825,-83.27672,7.016781836130306,1023,145.79333145751266
317,VPS,Destin-Fort Walton Beach Airport/Eglin AFB,Valparaiso,FL,30.48325,-86.5254,5.1731702582022905,5283,1021.2306451007619
318,WRG,Wrangell Airport,Wrangell,AK,56.48433000000001,-132.36982,4.87977369165488,726,148.77739130434782
319,WYS,Westerly State Airport,West Yellowstone,MT,44.6884,-111.11764,-1.8653846153846154,208,-111.50515463917526
320,XNA,Northwest Arkansas Regional Airport,Fayetteville/Springdale/Rogers,AR,36.28187,-94.30681,10.282364830722587,10224,994.3237930492215
321,YAK,Yakutat Airport,Yakutat,AK,59.50336,-139.66023,-5.34691011235955,724,-135.40530601523508
322,YUM,Yuma International Airport,Yuma,AZ,32.65658,-114.60597,2.1683899556868536,2054,947.2465940054497
